suburb,join_key,longitude,latitude,median_price_q4_2025,sales_q4_2025
Abbotsford,ABBOTSFORD,144.999754,-37.804396,1288000.0,22.0
Aberfeldie,ABERFELDIE,144.897301,-37.759563,1845000.0,22.0
Aintree,AINTREE,144.66821,-37.719778,725000.0,64.0
Airport West,AIRPORT WEST,144.881879,-37.723709,1100000.0,33.0
Albanvale,ALBANVALE,144.768637,-37.745943,700800.0,16.0
Albert Park,ALBERT PARK,144.960787,-37.845104,2105000.0,51.0
Albion,ALBION,144.816263,-37.77653,812000.0,13.0
Alphington,ALPHINGTON,145.030842,-37.780415,2550000.0,17.0
Altona,ALTONA,144.813799,-37.860183,1295500.0,36.0
Altona Meadows,ALTONA MEADOWS,144.784256,-37.880823,835500.0,28.0
Altona North,ALTONA NORTH,144.834317,-37.837842,998300.0,52.0
Ardeer,ARDEER,144.801516,-37.776198,711000.0,17.0
Armadale,ARMADALE,145.020175,-37.856692,2535500.0,16.0
Arthurs Seat,ARTHURS SEAT,144.959836,-38.363277,,
Ascot Vale,ASCOT VALE,144.91374,-37.776982,1362000.0,51.0
Ashburton,ASHBURTON,145.080224,-37.867295,1990500.0,30.0
Ashwood,ASHWOOD,145.10231,-37.866559,1427500.0,18.0
Aspendale,ASPENDALE,145.102517,-38.021965,1492500.0,24.0
Aspendale Gardens,ASPENDALE GARDENS,145.11979,-38.022117,1365000.0,15.0
Attwood,ATTWOOD,144.884552,-37.667037,895000.0,16.0
Avondale Heights,AVONDALE HEIGHTS,144.862619,-37.761539,1085000.0,61.0
Balaclava,BALACLAVA,144.994995,-37.870384,1267500.0,10.0
Balnarring,BALNARRING,145.121922,-38.353198,1580000.0,11.0
Balwyn,BALWYN,145.083393,-37.809002,2700000.0,40.0
Balwyn North,BALWYN NORTH,145.084321,-37.791757,2360000.0,87.0
Bangholme,BANGHOLME,145.172072,-38.048359,,
Baxter,BAXTER,145.156696,-38.200915,770000.0,7.0
Bayswater,BAYSWATER,145.264749,-37.845178,958500.0,43.0
Bayswater North,BAYSWATER NORTH,145.283641,-37.826908,947600.0,25.0
Beaconsfield,BEACONSFIELD,145.383008,-38.040922,1005000.0,28.0
Beaconsfield Upper,BEACONSFIELD UPPER,145.423748,-37.998202,1270000.0,3.0
Beaumaris,BEAUMARIS,145.038923,-37.982403,2100000.0,41.0
Belgrave,BELGRAVE,145.355302,-37.912422,816000.0,15.0
Belgrave Heights,BELGRAVE HEIGHTS,145.343699,-37.926245,1005500.0,5.0
Bellfield,BELLFIELD,145.038454,-37.753035,993500.0,6.0
Bentleigh,BENTLEIGH,145.038625,-37.922655,1650000.0,53.0
Bentleigh East,BENTLEIGH EAST,145.06702,-37.92209,1608500.0,90.0
Berwick,BERWICK,145.348278,-38.039905,907300.0,250.0
Beveridge,BEVERIDGE,144.97191,-37.476127,652500.0,99.0
Bittern,BITTERN,145.169246,-38.336779,850000.0,11.0
Black Rock,BLACK ROCK,145.021641,-37.971154,2320000.0,13.0
Blackburn,BLACKBURN,145.152247,-37.821664,1568500.0,50.0
Blackburn North,BLACKBURN NORTH,145.154362,-37.805373,1465000.0,36.0
Blackburn South,BLACKBURN SOUTH,145.146538,-37.839356,1360500.0,40.0
Blairgowrie,BLAIRGOWRIE,144.772176,-38.368484,1575000.0,31.0
Bonbeach,BONBEACH,145.127575,-38.063129,1280000.0,16.0
Boneo,BONEO,144.903594,-38.409918,,
Bonnie Brook,BONNIE BROOK,144.669878,-37.69609,695900.0,46.0
Boronia,BORONIA,145.286034,-37.856194,926000.0,61.0
Botanic Ridge,BOTANIC RIDGE,145.265601,-38.141651,957500.0,45.0
Box Hill,BOX HILL,145.126082,-37.8215,1645000.0,15.0
Box Hill North,BOX HILL NORTH,145.129565,-37.80561,1390000.0,41.0
Box Hill South,BOX HILL SOUTH,145.123386,-37.83661,1588000.0,22.0
Braeside,BRAESIDE,145.123047,-38.000439,,
Braybrook,BRAYBROOK,144.854828,-37.786699,790000.0,43.0
Briar Hill,BRIAR HILL,145.121053,-37.706252,996000.0,10.0
Brighton,BRIGHTON,144.995692,-37.908455,3355000.0,65.0
Brighton East,BRIGHTON EAST,145.016675,-37.917367,2170000.0,62.0
Broadmeadows,BROADMEADOWS,144.931363,-37.682558,670000.0,47.0
Brookfield,BROOKFIELD,144.541383,-37.699323,626300.0,53.0
Brooklyn,BROOKLYN,144.841508,-37.816052,1000000.0,3.0
Brunswick,BRUNSWICK,144.961289,-37.766359,1335300.0,68.0
Brunswick East,BRUNSWICK EAST,144.977417,-37.768867,1600000.0,25.0
Brunswick West,BRUNSWICK WEST,144.942855,-37.763116,1366000.0,33.0
Bulla,BULLA,144.791867,-37.634367,,
Bulleen,BULLEEN,145.086969,-37.768671,1382500.0,32.0
Bundoora,BUNDOORA,145.059625,-37.698599,950000.0,99.0
Bunyip,BUNYIP,145.718928,-38.100029,815000.0,11.0
Burnley,BURNLEY,145.017393,-37.8296,,
Burnside,BURNSIDE,144.753037,-37.749218,780000.0,23.0
Burnside Heights,BURNSIDE HEIGHTS,144.755663,-37.73217,770000.0,27.0
Burwood,BURWOOD,145.111315,-37.849608,1455500.0,44.0
Burwood East,BURWOOD EAST,145.15042,-37.853618,1386500.0,38.0
Cairnlea,CAIRNLEA,144.787871,-37.75945,981500.0,23.0
Calder Park,CALDER PARK,144.761026,-37.676209,,
Camberwell,CAMBERWELL,145.07361,-37.838464,2530000.0,56.0
Campbellfield,CAMPBELLFIELD,144.959502,-37.663698,717000.0,18.0
Canterbury,CANTERBURY,145.075703,-37.82361,3000000.0,25.0
Capel Sound,CAPEL SOUND,144.874091,-38.372317,747000.0,37.0
Cardinia,CARDINIA,145.418182,-38.142741,,
Carlton,CARLTON,144.968151,-37.800456,1690000.0,24.0
Carlton North,CARLTON NORTH,144.968517,-37.786563,1800000.0,29.0
Carnegie,CARNEGIE,145.055607,-37.893374,1700000.0,27.0
Caroline Springs,CAROLINE SPRINGS,144.737198,-37.734509,835000.0,100.0
Carrum,CARRUM,145.128007,-38.076665,1020000.0,6.0
Carrum Downs,CARRUM DOWNS,145.175994,-38.092799,845000.0,83.0
Caulfield,CAULFIELD,145.026381,-37.884075,1930000.0,9.0
Caulfield East,CAULFIELD EAST,145.041957,-37.881243,1550000.0,3.0
Caulfield North,CAULFIELD NORTH,145.021565,-37.872032,2180000.0,24.0
Caulfield South,CAULFIELD SOUTH,145.024915,-37.894667,2042500.0,30.0
Chadstone,CHADSTONE,145.100138,-37.882136,1395000.0,20.0
Chelsea,CHELSEA,145.121381,-38.049762,1120000.0,22.0
Chelsea Heights,CHELSEA HEIGHTS,145.134081,-38.040875,990000.0,15.0
Cheltenham,CHELTENHAM,145.060337,-37.96357,1385000.0,51.0
Chirnside Park,CHIRNSIDE PARK,145.314169,-37.738635,980000.0,47.0
Clarinda,CLARINDA,145.10609,-37.943662,1098500.0,14.0
Clayton,CLAYTON,145.130428,-37.918184,1214000.0,28.0
Clayton South,CLAYTON SOUTH,145.125196,-37.943686,992500.0,10.0
Clifton Hill,CLIFTON HILL,144.997642,-37.790209,1602500.0,18.0
Clyde,CLYDE,145.353844,-38.148237,725000.0,167.0
Clyde North,CLYDE NORTH,145.358742,-38.101908,757000.0,311.0
Cobblebank,COBBLEBANK,144.600826,-37.707304,650000.0,27.0
Coburg,COBURG,144.964295,-37.744864,1275000.0,99.0
Coburg North,COBURG NORTH,144.968072,-37.727017,1150000.0,23.0
Coldstream,COLDSTREAM,145.408735,-37.703708,894600.0,9.0
Collingwood,COLLINGWOOD,144.988184,-37.801935,1336500.0,18.0
Coolaroo,COOLAROO,144.934932,-37.656419,662000.0,9.0
Craigieburn,CRAIGIEBURN,144.927353,-37.586161,730000.0,351.0
Cranbourne,CRANBOURNE,145.275237,-38.112852,714000.0,120.0
Cranbourne East,CRANBOURNE EAST,145.305455,-38.110006,755000.0,127.0
Cranbourne North,CRANBOURNE NORTH,145.298729,-38.077515,812000.0,89.0
Cranbourne South,CRANBOURNE SOUTH,145.252088,-38.15498,932500.0,14.0
Cranbourne West,CRANBOURNE WEST,145.249444,-38.099453,740000.0,109.0
Cremorne,CREMORNE,144.993035,-37.829037,1250000.0,8.0
Crib Point,CRIB POINT,145.202988,-38.352502,731000.0,18.0
Croydon,CROYDON,145.284043,-37.794956,985000.0,101.0
Croydon Hills,CROYDON HILLS,145.266966,-37.775608,1180000.0,13.0
Croydon North,CROYDON NORTH,145.283914,-37.771838,1212000.0,31.0
Croydon South,CROYDON SOUTH,145.277832,-37.815203,1025000.0,21.0
Dallas,DALLAS,144.935284,-37.670556,640000.0,27.0
Dandenong,DANDENONG,145.211971,-37.985108,761500.0,44.0
Dandenong North,DANDENONG NORTH,145.214076,-37.955833,830000.0,75.0
Dandenong South,DANDENONG SOUTH,145.220856,-38.027956,,
Deanside,DEANSIDE,144.705354,-37.731927,700000.0,94.0
Deepdene,DEEPDENE,145.065902,-37.811422,2865000.0,12.0
Deer Park,DEER PARK,144.771716,-37.769354,711000.0,80.0
Delahey,DELAHEY,144.777468,-37.719785,750000.0,23.0
Derrimut,DERRIMUT,144.776078,-37.799695,825000.0,29.0
Devon Meadows,DEVON MEADOWS,145.308971,-38.176337,,
Diamond Creek,DIAMOND CREEK,145.156701,-37.667912,1060000.0,41.0
Diggers Rest,DIGGERS REST,144.696223,-37.620139,680000.0,50.0
Dingley Village,DINGLEY VILLAGE,145.125881,-37.976183,1215000.0,31.0
Docklands,DOCKLANDS,144.94317,-37.818491,,
Doncaster,DONCASTER,145.124085,-37.784827,1557500.0,82.0
Doncaster East,DONCASTER EAST,145.163901,-37.778993,1655000.0,104.0
Donnybrook,DONNYBROOK,144.993969,-37.54027,660300.0,180.0
Donvale,DONVALE,145.191269,-37.789777,1575000.0,25.0
Doreen,DOREEN,145.143265,-37.597067,833500.0,134.0
Doveton,DOVETON,145.238525,-37.988521,667500.0,48.0
Dromana,DROMANA,145.009825,-38.332009,1010000.0,42.0
Eaglemont,EAGLEMONT,145.06376,-37.763716,2581000.0,13.0
East Melbourne,EAST MELBOURNE,144.982571,-37.814427,3125000.0,6.0
Edithvale,EDITHVALE,145.114982,-38.037552,1305000.0,19.0
Elsternwick,ELSTERNWICK,145.007003,-37.885858,2250000.0,25.0
Eltham,ELTHAM,145.159059,-37.717466,1273000.0,51.0
Eltham North,ELTHAM NORTH,145.141668,-37.697874,1218900.0,21.0
Elwood,ELWOOD,144.985509,-37.880795,1910000.0,35.0
Emerald,EMERALD,145.435982,-37.946097,890000.0,21.0
Endeavour Hills,ENDEAVOUR HILLS,145.256296,-37.970207,900000.0,86.0
Epping,EPPING,145.010454,-37.637924,760000.0,133.0
Essendon,ESSENDON,144.910893,-37.749781,1872000.0,49.0
Essendon Fields,ESSENDON FIELDS,144.901133,-37.72674,,
Essendon North,ESSENDON NORTH,144.900791,-37.738025,1370000.0,9.0
Essendon West,ESSENDON WEST,144.885111,-37.754103,1350000.0,1.0
Eumemmerring,EUMEMMERRING,145.246863,-37.998593,731500.0,8.0
Exford,EXFORD,144.543037,-37.730641,,
Fairfield,FAIRFIELD,145.015798,-37.78462,1800000.0,13.0
Fawkner,FAWKNER,144.96932,-37.704629,873500.0,70.0
Ferntree Gully,FERNTREE GULLY,145.280445,-37.884357,965000.0,97.0
Fieldstone,FIELDSTONE,144.649904,-37.750483,,
Fingal,FINGAL,144.854673,-38.416674,1780000.0,3.0
Fitzroy,FITZROY,144.97915,-37.8009,1342500.0,28.0
Fitzroy North,FITZROY NORTH,144.984258,-37.783878,1788000.0,43.0
Flemington,FLEMINGTON,144.919302,-37.78674,1100000.0,17.0
Flinders,FLINDERS,144.978402,-38.458808,1900000.0,9.0
Footscray,FOOTSCRAY,144.897199,-37.798175,950000.0,53.0
Forest Hill,FOREST HILL,145.171054,-37.839833,1271500.0,40.0
Frankston,FRANKSTON,145.145688,-38.148155,880000.0,161.0
Frankston North,FRANKSTON NORTH,145.163823,-38.123914,740000.0,33.0
Frankston South,FRANKSTON SOUTH,145.129035,-38.175989,1200000.0,85.0
Fraser Rise,FRASER RISE,144.712628,-37.704831,700000.0,143.0
Gardenvale,GARDENVALE,145.009135,-37.898095,,0.0
Garfield,GARFIELD,145.669777,-38.100354,850000.0,10.0
Gembrook,GEMBROOK,145.639048,-37.945016,876300.0,8.0
Gladstone Park,GLADSTONE PARK,144.893712,-37.69002,850000.0,47.0
Glen Huntly,GLEN HUNTLY,145.041361,-37.892379,1970000.0,4.0
Glen Iris,GLEN IRIS,145.064968,-37.855988,2685000.0,63.0
Glen Waverley,GLEN WAVERLEY,145.168192,-37.881642,1800000.0,134.0
Glenroy,GLENROY,144.92727,-37.702625,911000.0,89.0
Gowanbrae,GOWANBRAE,144.897604,-37.703075,960000.0,5.0
Grangefields,GRANGEFIELDS,144.638674,-37.702374,,
Greensborough,GREENSBOROUGH,145.107112,-37.69893,996900.0,78.0
Greenvale,GREENVALE,144.87972,-37.636525,906500.0,126.0
Hadfield,HADFIELD,144.950114,-37.710162,925000.0,37.0
Hallam,HALLAM,145.268947,-38.007573,830000.0,31.0
Hampton,HAMPTON,145.009275,-37.93789,2227500.0,44.0
Hampton East,HAMPTON EAST,145.030629,-37.938791,1538000.0,14.0
Hampton Park,HAMPTON PARK,145.268669,-38.03865,735000.0,101.0
Harkaway,HARKAWAY,145.360027,-37.994196,,
Harkness,HARKNESS,144.547149,-37.653792,637000.0,87.0
Hastings,HASTINGS,145.185177,-38.297252,740000.0,23.0
Hawthorn,HAWTHORN,145.032087,-37.824782,3070000.0,31.0
Hawthorn East,HAWTHORN EAST,145.050069,-37.831223,2888000.0,37.0
Healesville,HEALESVILLE,145.550944,-37.660268,855000.0,18.0
Heatherton,HEATHERTON,145.092923,-37.956082,1152500.0,8.0
Heathmont,HEATHMONT,145.244098,-37.830828,1162500.0,32.0
Heidelberg,HEIDELBERG,145.069903,-37.752506,1602800.0,8.0
Heidelberg Heights,HEIDELBERG HEIGHTS,145.053415,-37.743245,1050000.0,25.0
Heidelberg West,HEIDELBERG WEST,145.043491,-37.73812,715000.0,17.0
Highett,HIGHETT,145.040462,-37.950378,1506300.0,54.0
Hillside,HILLSIDE,144.741673,-37.690476,,
Hmas Cerberus,HMAS CERBERUS,145.198284,-38.381244,,
Hoppers Crossing,HOPPERS CROSSING,144.694662,-37.866496,700000.0,181.0
Hughesdale,HUGHESDALE,145.081182,-37.899486,1735000.0,17.0
Huntingdale,HUNTINGDALE,145.108447,-37.907666,1280000.0,7.0
Hurstbridge,HURSTBRIDGE,145.194761,-37.637808,970000.0,13.0
Ivanhoe,IVANHOE,145.043701,-37.76782,1999000.0,32.0
Ivanhoe East,IVANHOE EAST,145.061815,-37.773473,2300000.0,13.0
Jacana,JACANA,144.910133,-37.687544,660000.0,5.0
Junction Village,JUNCTION VILLAGE,145.291434,-38.136035,662500.0,8.0
Kalkallo,KALKALLO,144.960351,-37.525928,650000.0,123.0
Kangaroo Ground,KANGAROO GROUND,145.231978,-37.689374,,
Kealba,KEALBA,144.828153,-37.737311,752000.0,15.0
Keilor,KEILOR,144.827177,-37.707268,1203000.0,21.0
Keilor Downs,KEILOR DOWNS,144.804134,-37.720622,891000.0,34.0
Keilor East,KEILOR EAST,144.856788,-37.738782,1102500.0,76.0
Keilor Lodge,KEILOR LODGE,144.800057,-37.698459,1090500.0,4.0
Keilor Park,KEILOR PARK,144.85194,-37.719114,922500.0,15.0
Kensington,KENSINGTON,144.927011,-37.794357,1074000.0,40.0
Kew,KEW,145.03321,-37.803419,2510000.0,73.0
Kew East,KEW EAST,145.052519,-37.790623,,
Keysborough,KEYSBOROUGH,145.167338,-38.005307,1004400.0,96.0
Kilsyth,KILSYTH,145.318485,-37.814388,870000.0,39.0
Kilsyth South,KILSYTH SOUTH,145.310967,-37.831492,961000.0,3.0
Kings Park,KINGS PARK,144.771935,-37.73374,669000.0,22.0
Kingsbury,KINGSBURY,145.034033,-37.716191,896000.0,13.0
Kingsville,KINGSVILLE,144.879455,-37.808879,1098800.0,12.0
Knoxfield,KNOXFIELD,145.249401,-37.890592,1069400.0,25.0
Koo Wee Rup,KOO WEE RUP,145.487585,-38.187836,720000.0,22.0
Koo Wee Rup North,KOO WEE RUP NORTH,145.539014,-38.15118,,
Kooyong,KOOYONG,145.035761,-37.841351,,
Kurunjang,KURUNJANG,144.591475,-37.660918,610000.0,65.0
Lalor,LALOR,145.007481,-37.665851,787500.0,99.0
Lang Lang,LANG LANG,145.581988,-38.295411,755000.0,19.0
Lang Lang East,LANG LANG EAST,145.656983,-38.271789,,
Langwarrin,LANGWARRIN,145.197339,-38.154568,912500.0,76.0
Langwarrin South,LANGWARRIN SOUTH,145.19113,-38.189089,,
Launching Place,LAUNCHING PLACE,145.576156,-37.778023,797500.0,15.0
Laverton,LAVERTON,144.767503,-37.859154,640000.0,21.0
Laverton North,LAVERTON NORTH,144.787015,-37.830028,,
Lilydale,LILYDALE,145.367792,-37.75567,931500.0,60.0
Little River,LITTLE RIVER,144.466766,-37.931971,,
Lower Plenty,LOWER PLENTY,145.116169,-37.738794,1200000.0,8.0
Lynbrook,LYNBROOK,145.256076,-38.055774,958500.0,25.0
Lyndhurst,LYNDHURST,145.230713,-38.068453,1055000.0,31.0
Lysterfield,LYSTERFIELD,145.30083,-37.935342,1480000.0,6.0
Lysterfield South,LYSTERFIELD SOUTH,145.266955,-37.952489,,
Macleod,MACLEOD,145.070459,-37.721195,1101000.0,31.0
Maidstone,MAIDSTONE,144.874131,-37.781928,850000.0,31.0
Malvern,MALVERN,145.035011,-37.856791,2690000.0,27.0
Malvern East,MALVERN EAST,145.065399,-37.87663,2180000.0,67.0
Mambourin,MAMBOURIN,144.554098,-37.899645,635000.0,46.0
Manor Lakes,MANOR LAKES,144.581225,-37.86693,660000.0,94.0
Maribyrnong,MARIBYRNONG,144.887775,-37.772696,1270000.0,30.0
McCrae,MCCRAE,144.932533,-38.355958,1050000.0,19.0
McKinnon,MCKINNON,145.038654,-37.910732,1900000.0,15.0
Meadow Heights,MEADOW HEIGHTS,144.918165,-37.651141,700500.0,44.0
Melbourne,MELBOURNE,144.971485,-37.825025,,
Melbourne Airport,MELBOURNE AIRPORT,144.838014,-37.673746,,
Melton,MELTON,144.61177,-37.675656,577500.0,50.0
Melton South,MELTON SOUTH,144.570772,-37.706874,581300.0,86.0
Melton West,MELTON WEST,144.541118,-37.679138,648500.0,46.0
Mentone,MENTONE,145.069381,-37.981587,1347500.0,43.0
Mernda,MERNDA,145.083671,-37.591616,757500.0,104.0
Mickleham,MICKLEHAM,144.9006,-37.539787,717000.0,312.0
Middle Park,MIDDLE PARK,144.962358,-37.851195,2940000.0,15.0
Mill Park,MILL PARK,145.064219,-37.664227,891300.0,98.0
Millgrove,MILLGROVE,145.650726,-37.744893,626800.0,12.0
Mitcham,MITCHAM,145.199021,-37.818173,1308500.0,41.0
Monbulk,MONBULK,145.427816,-37.874012,802000.0,11.0
Mont Albert,MONT ALBERT,145.107774,-37.81769,2310000.0,19.0
Mont Albert North,MONT ALBERT NORTH,145.110783,-37.803302,1710000.0,15.0
Montmorency,MONTMORENCY,145.125116,-37.718927,1180000.0,31.0
Montrose,MONTROSE,145.347142,-37.812511,975000.0,29.0
Moonee Ponds,MOONEE PONDS,144.921442,-37.765618,1660500.0,60.0
Moorabbin,MOORABBIN,145.057733,-37.941451,1250000.0,25.0
Moorabbin Airport,MOORABBIN AIRPORT,145.099744,-37.977444,,
Mooroolbark,MOOROOLBARK,145.325513,-37.781267,902500.0,106.0
Mordialloc,MORDIALLOC,145.09608,-37.999407,1390000.0,11.0
Mornington,MORNINGTON,145.060071,-38.230269,1155000.0,87.0
Mount Cottrell,MOUNT COTTRELL,144.620471,-37.789825,750000.0,11.0
Mount Dandenong,MOUNT DANDENONG,145.350191,-37.8363,1142500.0,8.0
Mount Eliza,MOUNT ELIZA,145.092721,-38.195004,1785000.0,79.0
Mount Evelyn,MOUNT EVELYN,145.388027,-37.78746,882500.0,27.0
Mount Martha,MOUNT MARTHA,145.030646,-38.27547,1815000.0,25.0
Mount Waverley,MOUNT WAVERLEY,145.128471,-37.878363,1590000.0,131.0
Mulgrave,MULGRAVE,145.175953,-37.925664,1135000.0,91.0
Murrumbeena,MURRUMBEENA,145.070125,-37.896705,1870000.0,12.0
Nar Nar Goon,NAR NAR GOON,145.568886,-38.105979,,
Nar Nar Goon North,NAR NAR GOON NORTH,145.56517,-38.03545,708000.0,5.0
Narre Warren,NARRE WARREN,145.305488,-38.018702,838000.0,111.0
Narre Warren North,NARRE WARREN NORTH,145.313249,-37.981903,1500000.0,18.0
Narre Warren South,NARRE WARREN SOUTH,145.302539,-38.055323,857500.0,110.0
Newport,NEWPORT,144.88043,-37.843552,1342500.0,58.0
Niddrie,NIDDRIE,144.88466,-37.73943,1250000.0,34.0
Noble Park,NOBLE PARK,145.176885,-37.969519,849500.0,86.0
Noble Park North,NOBLE PARK NORTH,145.19059,-37.951258,815000.0,26.0
North Melbourne,NORTH MELBOURNE,144.944823,-37.798489,1361000.0,25.0
North Warrandyte,NORTH WARRANDYTE,145.216112,-37.725448,,
Northcote,NORTHCOTE,145.000551,-37.772531,1601000.0,78.0
Notting Hill,NOTTING HILL,145.141741,-37.904748,1213000.0,3.0
Nunawading,NUNAWADING,145.176515,-37.817362,1270000.0,24.0
Oak Park,OAK PARK,144.91703,-37.717493,1120000.0,21.0
Oakleigh,OAKLEIGH,145.0957,-37.900664,1432500.0,20.0
Oakleigh East,OAKLEIGH EAST,145.115238,-37.903869,1205000.0,17.0
Oakleigh South,OAKLEIGH SOUTH,145.094236,-37.924455,1315500.0,22.0
Officer,OFFICER,145.412542,-38.054232,775000.0,153.0
Officer South,OFFICER SOUTH,145.423012,-38.100948,890000.0,15.0
Ormond,ORMOND,145.041734,-37.903912,2015000.0,16.0
Pakenham,PAKENHAM,145.485148,-38.073588,725000.0,291.0
Pakenham South,PAKENHAM SOUTH,145.502008,-38.137573,,
Pakenham Upper,PAKENHAM UPPER,145.507729,-38.007805,,
Panton Hill,PANTON HILL,145.246442,-37.64282,,
Park Orchards,PARK ORCHARDS,145.21479,-37.777009,1800000.0,6.0
Parkdale,PARKDALE,145.081251,-37.991824,1635000.0,39.0
Parkville,PARKVILLE,144.951305,-37.786845,1914400.0,10.0
Pascoe Vale,PASCOE VALE,144.938165,-37.725017,1050000.0,59.0
Pascoe Vale South,PASCOE VALE SOUTH,144.93837,-37.74312,1258800.0,32.0
Patterson Lakes,PATTERSON LAKES,145.143282,-38.069541,1420000.0,20.0
Pearcedale,PEARCEDALE,145.247706,-38.197762,921500.0,9.0
Plenty,PLENTY,145.112366,-37.667427,1630000.0,5.0
Plumpton,PLUMPTON,144.689028,-37.66915,,
Point Cook,POINT COOK,144.751633,-37.905616,842000.0,207.0
Point Leo,POINT LEO,145.069828,-38.415507,,
Port Melbourne,PORT MELBOURNE,144.921897,-37.832926,1550000.0,43.0
Portsea,PORTSEA,144.70014,-38.32268,3800000.0,11.0
Prahran,PRAHRAN,145.000318,-37.851775,1472500.0,38.0
Preston,PRESTON,145.008034,-37.741692,1250000.0,67.0
Princes Hill,PRINCES HILL,144.966581,-37.781783,2257500.0,8.0
Ravenhall,RAVENHALL,144.736559,-37.775474,,
Red Hill,RED HILL,145.016097,-38.363453,1714000.0,3.0
Red Hill South,RED HILL SOUTH,145.039402,-38.387719,,
Research,RESEARCH,145.187756,-37.70684,1215000.0,8.0
Reservoir,RESERVOIR,145.006905,-37.712024,970000.0,169.0
Richmond,RICHMOND,145.002469,-37.820344,1348000.0,96.0
Ringwood,RINGWOOD,145.233397,-37.811529,1046900.0,46.0
Ringwood East,RINGWOOD EAST,145.253549,-37.813344,1060000.0,29.0
Ringwood North,RINGWOOD NORTH,145.231184,-37.793062,1270000.0,45.0
Ripponlea,RIPPONLEA,144.995317,-37.877755,2000000.0,3.0
Rockbank,ROCKBANK,144.649149,-37.73392,638000.0,47.0
Rosanna,ROSANNA,145.069655,-37.739631,1403000.0,26.0
Rosebud,ROSEBUD,144.913609,-38.373726,731000.0,66.0
Rowville,ROWVILLE,145.243937,-37.92437,1220000.0,79.0
Roxburgh Park,ROXBURGH PARK,144.925411,-37.625773,735000.0,88.0
Rye,RYE,144.812261,-38.385138,950000.0,85.0
Safety Beach,SAFETY BEACH,145.000192,-38.315359,1175000.0,33.0
Sandhurst,SANDHURST,145.208706,-38.082112,1075000.0,27.0
Sandringham,SANDRINGHAM,145.014659,-37.953646,2495000.0,20.0
Sassafras,SASSAFRAS,145.347657,-37.863559,1012500.0,6.0
Scoresby,SCORESBY,145.218864,-37.901743,975000.0,22.0
Seabrook,SEABROOK,144.758645,-37.880904,811000.0,18.0
Seaford,SEAFORD,145.138495,-38.104707,942000.0,64.0
Seaholme,SEAHOLME,144.844066,-37.864201,1350000.0,5.0
Seddon,SEDDON,144.89168,-37.806638,1020000.0,31.0
Selby,SELBY,145.378594,-37.918569,885000.0,4.0
Seville,SEVILLE,145.475537,-37.792634,895600.0,7.0
Seville East,SEVILLE EAST,145.5032,-37.778551,730000.0,7.0
Sherbrooke,SHERBROOKE,145.359293,-37.888444,,
Shoreham,SHOREHAM,145.03271,-38.421756,1635000.0,7.0
Silvan,SILVAN,145.433457,-37.836553,,
Skye,SKYE,145.216259,-38.105074,872500.0,29.0
Somers,SOMERS,145.160951,-38.381404,1420000.0,16.0
Somerton,SOMERTON,144.950701,-37.634577,,
Somerville,SOMERVILLE,145.200692,-38.23216,875000.0,43.0
Sorrento,SORRENTO,144.74197,-38.344621,1848800.0,28.0
South Kingsville,SOUTH KINGSVILLE,144.871424,-37.830705,1660000.0,2.0
South Melbourne,SOUTH MELBOURNE,144.957497,-37.833989,1932500.0,26.0
South Morang,SOUTH MORANG,145.084674,-37.632286,810000.0,99.0
South Wharf,SOUTH WHARF,144.952051,-37.82526,,
South Yarra,SOUTH YARRA,144.99179,-37.839272,1980000.0,42.0
Southbank,SOUTHBANK,144.962325,-37.825889,,
Spotswood,SPOTSWOOD,144.887835,-37.829614,1000000.0,8.0
Springvale,SPRINGVALE,145.157976,-37.945731,970000.0,47.0
Springvale South,SPRINGVALE SOUTH,145.148012,-37.970784,859300.0,22.0
St Albans,ST ALBANS,144.805288,-37.745358,730000.0,108.0
St Andrews,ST ANDREWS,145.287495,-37.583327,,
St Andrews Beach,ST ANDREWS BEACH,144.831279,-38.420103,1300000.0,7.0
St Helena,ST HELENA,145.129468,-37.689506,1320000.0,10.0
St Kilda,ST KILDA,144.981784,-37.863697,1750000.0,19.0
St Kilda East,ST KILDA EAST,145.002116,-37.866805,1701500.0,20.0
St Kilda West,ST KILDA WEST,144.971173,-37.858069,2950000.0,7.0
Strathmore,STRATHMORE,144.916945,-37.73322,1450000.0,42.0
Strathmore Heights,STRATHMORE HEIGHTS,144.89695,-37.713365,1450000.0,3.0
Strathtulloh,STRATHTULLOH,144.596896,-37.734,615000.0,52.0
Sunbury,SUNBURY,144.715094,-37.547039,740000.0,273.0
Sunshine,SUNSHINE,144.834343,-37.789298,885000.0,36.0
Sunshine North,SUNSHINE NORTH,144.836422,-37.763974,806000.0,35.0
Sunshine West,SUNSHINE WEST,144.81112,-37.798092,809400.0,78.0
Surrey Hills,SURREY HILLS,145.098233,-37.826741,2200000.0,54.0
Sydenham,SYDENHAM,144.765288,-37.699716,752000.0,31.0
Tarneit,TARNEIT,144.664675,-37.835441,675000.0,530.0
Taylors Hill,TAYLORS HILL,144.752868,-37.715149,938000.0,46.0
Taylors Lakes,TAYLORS LAKES,144.786381,-37.698571,935000.0,53.0
Tecoma,TECOMA,145.343875,-37.904599,1093500.0,8.0
Templestowe,TEMPLESTOWE,145.148729,-37.754009,1757500.0,46.0
Templestowe Lower,TEMPLESTOWE LOWER,145.11219,-37.763849,1378000.0,61.0
The Basin,THE BASIN,145.319081,-37.855396,957900.0,26.0
Thomastown,THOMASTOWN,145.007991,-37.683774,810000.0,77.0
Thornbury,THORNBURY,145.005748,-37.758173,1475000.0,59.0
Thornhill Park,THORNHILL PARK,144.624914,-37.730328,605000.0,71.0
Toolern Vale,TOOLERN VALE,144.589865,-37.604711,,
Toorak,TOORAK,145.017512,-37.841562,6900000.0,24.0
Tootgarook,TOOTGAROOK,144.850148,-38.377596,881500.0,28.0
Tottenham,TOTTENHAM,144.852902,-37.804635,,
Travancore,TRAVANCORE,144.935474,-37.780762,,
Tremont,TREMONT,145.31627,-37.879114,,
Truganina,TRUGANINA,144.712066,-37.79973,672000.0,257.0
Tullamarine,TULLAMARINE,144.87225,-37.705433,800000.0,27.0
Tyabb,TYABB,145.184494,-38.265133,875000.0,7.0
Upper Ferntree Gully,UPPER FERNTREE GULLY,145.309253,-37.898095,990000.0,14.0
Upper Plenty,UPPER PLENTY,145.05465,-37.419705,,
Upwey,UPWEY,145.329028,-37.905463,905000.0,37.0
Vermont,VERMONT,145.199198,-37.838464,1335000.0,33.0
Vermont South,VERMONT SOUTH,145.18778,-37.854373,1572500.0,48.0
Viewbank,VIEWBANK,145.093242,-37.739697,1295500.0,26.0
Wallan,WALLAN,144.963883,-37.408116,650000.0,55.0
Wandin North,WANDIN NORTH,145.426381,-37.780912,1100000.0,10.0
Wantirna,WANTIRNA,145.225868,-37.85237,1125000.0,50.0
Wantirna South,WANTIRNA SOUTH,145.221956,-37.873868,1331500.0,58.0
Warburton,WARBURTON,145.698144,-37.728316,750000.0,17.0
Warrandyte,WARRANDYTE,145.209578,-37.747807,1223200.0,20.0
Warrandyte South,WARRANDYTE SOUTH,145.244081,-37.760224,,
Warranwood,WARRANWOOD,145.249753,-37.77264,1268000.0,18.0
Waterways,WATERWAYS,145.130491,-38.014735,1665000.0,12.0
Watsonia,WATSONIA,145.083553,-37.710547,1030000.0,23.0
Watsonia North,WATSONIA NORTH,145.085109,-37.695823,968000.0,16.0
Wattle Glen,WATTLE GLEN,145.1884,-37.66735,1000000.0,7.0
Weir Views,WEIR VIEWS,144.568369,-37.728709,597500.0,58.0
Werribee,WERRIBEE,144.642179,-37.906822,680000.0,291.0
Werribee South,WERRIBEE SOUTH,144.697019,-37.938317,850000.0,5.0
Wesburn,WESBURN,145.653572,-37.774078,634500.0,4.0
West Footscray,WEST FOOTSCRAY,144.87091,-37.800549,1016000.0,43.0
West Melbourne,WEST MELBOURNE,144.925576,-37.809549,1520000.0,7.0
Westmeadows,WESTMEADOWS,144.892674,-37.675301,800000.0,29.0
Wheelers Hill,WHEELERS HILL,145.187033,-37.907554,1539500.0,69.0
Wildwood,WILDWOOD,144.800223,-37.558866,,
Williams Landing,WILLIAMS LANDING,144.743023,-37.861988,840000.0,45.0
Williamstown,WILLIAMSTOWN,144.890051,-37.861308,1560000.0,57.0
Williamstown North,WILLIAMSTOWN NORTH,144.868947,-37.852627,1292500.0,12.0
Windsor,WINDSOR,144.992654,-37.854561,1635000.0,23.0
Wollert,WOLLERT,145.005561,-37.591968,725000.0,268.0
Wonga Park,WONGA PARK,145.269687,-37.735565,1387500.0,14.0
Woodstock,WOODSTOCK,145.055342,-37.545537,640000.0,9.0
Woori Yallock,WOORI YALLOCK,145.535729,-37.781141,736000.0,10.0
Wyndham Vale,WYNDHAM VALE,144.608212,-37.859212,615000.0,187.0
Yallambie,YALLAMBIE,145.093361,-37.725057,1026800.0,8.0
Yan Yean,YAN YEAN,145.129231,-37.550643,,
Yarra Glen,YARRA GLEN,145.381564,-37.646782,951000.0,14.0
Yarra Junction,YARRA JUNCTION,145.625393,-37.793954,770000.0,13.0
Yarrambat,YARRAMBAT,145.135014,-37.637466,,
Yarraville,YARRAVILLE,144.881931,-37.817938,1208000.0,73.0
